{"cameraMode":{"drawMode":0,"name":"Shaded","section":"Shading Mode"},"sceneLighting":true,"audioPlay":false,"sceneViewState":{"showFog":true,"showMaterialUpdate":false,"showSkybox":true,"showFlares":true,"showImageEffects":true,"showParticleSystems":true,"showVisualEffectGraphs":true,"m_FxEnabled":true},"in2DMode":false,"pivot":{"x":1.3409942388534547,"y":1.9512158632278443,"z":3.365307331085205},"rotation":{"x":0.003203836502507329,"y":0.9725868701934815,"z":-0.2321501076221466,"w":0.013423227705061436},"size":4.872132778167725,"orthographic":false}