{"cameraMode":{"drawMode":0,"name":"Shaded","section":"Shading Mode"},"sceneLighting":false,"audioPlay":false,"sceneViewState":{"showFog":true,"showMaterialUpdate":false,"showSkybox":false,"showFlares":true,"showImageEffects":true,"showParticleSystems":true,"showVisualEffectGraphs":true,"m_FxEnabled":true},"in2DMode":false,"pivot":{"x":4.150000095367432,"y":0.17899999022483827,"z":3.7100000381469728},"rotation":{"x":0.0008955294033512473,"y":0.9624757170677185,"z":-0.2713630795478821,"w":0.0031769860070198776},"size":0.1958346664905548,"orthographic":false}